accuracy_0,accuracy_1,accuracy_2,accuracy_3
0.9266666666666666,0.8533333333333334,0.8133333333333334,0.9533333333333334
