accuracy_0,accuracy_1,accuracy_2,accuracy_3
0.9,0.82,0.8133333333333334,0.9466666666666667
