accuracy_0,accuracy_1,accuracy_2
0.9130434782608695,0.8521739130434782,0.9217391304347826
