accuracy_0,accuracy_1,accuracy_2,accuracy_3
0.92,0.82,0.7933333333333333,0.8933333333333333
