accuracy_0,accuracy_1,accuracy_2,accuracy_3
0.9066666666666666,0.76,0.7933333333333333,0.8333333333333334
