accuracy_0,accuracy_1,accuracy_2,accuracy_3
0.9133333333333333,0.7466666666666667,0.7933333333333333,0.7866666666666666
