Metric,Value
Mean Accuracy,0.6853333333333335
Mean Precision,0.6177043145539848
Mean Recall,0.6001904761904762
