accuracy_0,accuracy_1,accuracy_2
0.9652173913043478,0.9652173913043478,0.9652173913043478
