accuracy_0,accuracy_1,accuracy_2,accuracy_3
0.9066666666666666,0.82,0.8066666666666666,0.9466666666666667
