accuracy_0,accuracy_1,accuracy_2
0.9130434782608695,0.8695652173913043,0.9565217391304348
