accuracy_0,accuracy_1,accuracy_2,accuracy_3
0.9466666666666667,0.8666666666666667,0.8533333333333334,0.96
