accuracy_0,accuracy_1,accuracy_2,accuracy_3
0.9266666666666666,0.8333333333333334,0.8666666666666667,0.9733333333333334
