accuracy_0,accuracy_1,accuracy_2,accuracy_3
0.9266666666666666,0.8733333333333333,0.8733333333333333,0.94
