accuracy_0,accuracy_1,accuracy_2,accuracy_3
0.9,0.9266666666666666,0.86,0.9666666666666667
