accuracy_0,accuracy_1,accuracy_2
0.9478260869565217,0.9739130434782609,0.9565217391304348
