accuracy_0,accuracy_1,accuracy_2,accuracy_3
0.8933333333333333,0.9533333333333334,0.8666666666666667,0.9666666666666667
