accuracy_0,accuracy_1,accuracy_2
0.9130434782608695,0.8956521739130435,0.9304347826086956
