accuracy_0,accuracy_1,accuracy_2,accuracy_3
0.9133333333333333,0.8133333333333334,0.78,0.9333333333333333
