accuracy_0,accuracy_1,accuracy_2,accuracy_3
0.86,0.7533333333333333,0.7533333333333333,0.8333333333333334
