accuracy_0,accuracy_1,accuracy_2,accuracy_3
0.8533333333333334,0.76,0.7466666666666667,0.8533333333333334
