Metric,Value
Mean Accuracy,0.7040000000000001
Mean Precision,0.6678457804712716
Mean Recall,0.6352380952380952
