accuracy_0,accuracy_1,accuracy_2,accuracy_3
0.9133333333333333,0.8733333333333333,0.8466666666666667,0.9666666666666667
