accuracy_0,accuracy_1,accuracy_2,accuracy_3
0.8933333333333333,0.7333333333333333,0.76,0.9466666666666667
