accuracy_0,accuracy_1,accuracy_2
0.9304347826086956,0.8695652173913043,0.9391304347826087
