accuracy_0,accuracy_1,accuracy_2,accuracy_3
0.8866666666666667,0.7133333333333334,0.7533333333333333,0.94
