Metric,Value
Mean Accuracy,0.8146666666666667
Mean Precision,0.7842287214134259
Mean Recall,0.7806666666666666
