accuracy_0,accuracy_1,accuracy_2
0.8782608695652174,0.8521739130434782,0.9043478260869565
