accuracy_0,accuracy_1,accuracy_2
0.8782608695652174,0.8173913043478261,0.9043478260869565
