accuracy_0,accuracy_1,accuracy_2
0.8782608695652174,0.8608695652173913,0.8782608695652174
