accuracy_0,accuracy_1,accuracy_2,accuracy_3
0.8866666666666667,0.7266666666666667,0.76,0.9333333333333333
