accuracy_0,accuracy_1,accuracy_2,accuracy_3
0.9133333333333333,0.7,0.7733333333333333,0.9333333333333333
