accuracy_0,accuracy_1,accuracy_2,accuracy_3
0.9266666666666666,0.8266666666666667,0.7866666666666666,0.94
