accuracy_0,accuracy_1,accuracy_2
0.8869565217391304,0.8956521739130435,0.9043478260869565
