accuracy_0,accuracy_1,accuracy_2
0.8956521739130435,0.9217391304347826,0.9391304347826087
