accuracy_0,accuracy_1,accuracy_2,accuracy_3
0.92,0.8466666666666667,0.8466666666666667,0.9466666666666667
