Metric,Value
Mean Accuracy,0.6679999999999999
Mean Precision,0.6511669442708696
Mean Recall,0.6494285714285715
