accuracy_0,accuracy_1,accuracy_2,accuracy_3
0.9133333333333333,0.9,0.8533333333333334,0.9466666666666667
