accuracy_0,accuracy_1,accuracy_2,accuracy_3
0.8733333333333333,0.8333333333333334,0.7733333333333333,0.88
