accuracy_0,accuracy_1,accuracy_2,accuracy_3
0.8666666666666667,0.8266666666666667,0.7733333333333333,0.8933333333333333
