accuracy_0,accuracy_1,accuracy_2
0.9565217391304348,0.9043478260869565,0.9478260869565217
