Metric,Value
Mean Accuracy,0.9321739130434782
Mean Precision,0.8968743704409341
Mean Recall,0.8835555555555556
