accuracy_0,accuracy_1,accuracy_2,accuracy_3
0.88,0.7266666666666667,0.7466666666666667,0.94
