accuracy_0,accuracy_1,accuracy_2
0.9391304347826087,0.991304347826087,0.9478260869565217
