accuracy_0,accuracy_1,accuracy_2
0.9304347826086956,0.9478260869565217,0.9652173913043478
