accuracy_0,accuracy_1,accuracy_2,accuracy_3
0.9133333333333333,0.88,0.82,0.9733333333333334
