accuracy_0,accuracy_1,accuracy_2
0.9217391304347826,0.8434782608695652,0.9217391304347826
