Metric,Value
Mean Accuracy,0.808
Mean Precision,0.7997107077020675
Mean Recall,0.7878095238095237
