accuracy_0,accuracy_1,accuracy_2,accuracy_3
0.8866666666666667,0.7533333333333333,0.7733333333333333,0.9466666666666667
