accuracy_0,accuracy_1,accuracy_2
0.9565217391304348,0.9130434782608695,0.9391304347826087
