accuracy_0,accuracy_1,accuracy_2,accuracy_3
0.8533333333333334,0.8266666666666667,0.7333333333333333,0.8266666666666667
