accuracy_0,accuracy_1,accuracy_2,accuracy_3
0.8933333333333333,0.74,0.7666666666666667,0.9333333333333333
