Metric,Value
Mean Accuracy,0.604
Mean Precision,0.526640842170913
Mean Recall,0.535904761904762
