accuracy_0,accuracy_1,accuracy_2,accuracy_3
0.88,0.7466666666666667,0.7333333333333333,0.9333333333333333
