accuracy_0,accuracy_1,accuracy_2
0.9478260869565217,0.9043478260869565,0.9391304347826087
