accuracy_0,accuracy_1,accuracy_2
0.9304347826086956,0.8521739130434782,0.9217391304347826
