accuracy_0,accuracy_1,accuracy_2
0.9391304347826087,0.8782608695652174,0.9391304347826087
