accuracy_0,accuracy_1,accuracy_2,accuracy_3
0.9133333333333333,0.8866666666666667,0.84,0.96
