accuracy_0,accuracy_1,accuracy_2,accuracy_3
0.92,0.9066666666666666,0.8733333333333333,0.94
