Metric,Value
Mean Accuracy,0.8504347826086956
Mean Precision,0.8233027247405639
Mean Recall,0.7777777777777779
