accuracy_0,accuracy_1,accuracy_2,accuracy_3
0.92,0.78,0.8133333333333334,0.9533333333333334
