Metric,Value
Mean Accuracy,0.8139130434782608
Mean Precision,0.7815843603750701
Mean Recall,0.6666666666666666
